<?xml version="1.0" encoding="UTF-8"?>
<project-private xmlns="http://www.netbeans.org/ns/project-private/1">
    <editor-bookmarks xmlns="http://www.netbeans.org/ns/editor-bookmarks/2" lastBookmarkId="0"/>
    <open-files xmlns="http://www.netbeans.org/ns/projectui-open-files/2">
        <group>
            <file>file:/C:/Users/Yael/OneDrive%20-%20Escuela%20Nacional%20Colegio%20de%20Ciencias%20y%20Humanidades,%20UNAM/Documentos/Semestres%203/Estructura%20de%20datos/estructuraDeDatos/src/estructuradedatos/matrizTriangularInf.java</file>
            <file>file:/C:/Users/Yael/OneDrive%20-%20Escuela%20Nacional%20Colegio%20de%20Ciencias%20y%20Humanidades,%20UNAM/Documentos/Semestres%203/Estructura%20de%20datos/estructuraDeDatos/src/matriztrianInf/matrizTriangularInf.java</file>
            <file>file:/C:/Users/Yael/OneDrive%20-%20Escuela%20Nacional%20Colegio%20de%20Ciencias%20y%20Humanidades,%20UNAM/Documentos/Semestres%203/Estructura%20de%20datos/estructuraDeDatos/src/estructuradedatos/Menu.java</file>
            <file>file:/C:/Users/Yael/OneDrive%20-%20Escuela%20Nacional%20Colegio%20de%20Ciencias%20y%20Humanidades,%20UNAM/Documentos/Semestres%203/Estructura%20de%20datos/estructuraDeDatos/src/estructuradedatos/EstructuraDeDatos.java</file>
            <file>file:/C:/Users/Yael/OneDrive%20-%20Escuela%20Nacional%20Colegio%20de%20Ciencias%20y%20Humanidades,%20UNAM/Documentos/Semestres%203/Estructura%20de%20datos/estructuraDeDatos/src/estructuradedatos/burbuja.java</file>
            <file>file:/C:/Users/Yael/OneDrive%20-%20Escuela%20Nacional%20Colegio%20de%20Ciencias%20y%20Humanidades,%20UNAM/Documentos/Semestres%203/Estructura%20de%20datos/estructuraDeDatos/src/estructuradedatos/matrizDispersa.java</file>
        </group>
    </open-files>
</project-private>
